first_name,last_name,email,salary,age
Sofia,Baker,sbaker@rocketmail.com,$245k,57
Grace,Thompson,grace.thompson@gmail.com,$45k,47
Christopher,Davis,c.e25@outlook.com,$45k,50
Kyle,Lee,kylelee@hotmail.com,$245k,25
Theodore,White,t.white@aol.com,$35k,42
Joshua,Russell,joshuajrussell@hotmail.com,$165k,18
Hannah,Bennett,h_l_bennett@rocketmail.com,$75k,25
Brandon,Butler,brandon.butler26@live.com,$185k,44
Julian,King,julianleeking@hotmail.com,$55k,25
Samantha,Torres,samanthamary51@aol.com,$285k,50
Brittany,Johnson,brittany_r_johnson@rocketmail.com,$145k,70
Erin,Campbell,erin.k@outlook.com,$35k,50
David,Bell,david.david.bell@outlook.com,$185k,68
Brian,Nelson,brian_nelson@gmail.com,$105k,27
Alyssa,Phillips,alyssa_phillips@outlook.com,$75k,67
Joshua,Washington,joshua.washington@live.com,$65k,49
Charlotte,Howard,choward@ymail.com,$45k,23
Christopher,Walker,christopher_walker@outlook.com,$125k,42
Natalie,Rodriguez,natalie_rodriguez@yahoo.com,$215k,59
Elizabeth,Adams,elizabeth_r_adams@outlook.com,$85k,54
Oliver,King,oking@live.com,$95k,31
William,Harris,weharris@outlook.com,$165k,24
Tiffany,Collins,tscollins@aol.com,$105k,45
Henry,Harris,hharris@yahoo.com,$185k,19
Jose,Gonzales,jose_gonzales@yahoo.com,$95k,74
Mary,Morris,mmorris@hotmail.com,$55k,46
Sophia,Rodriguez,s_r_rodriguez47@ymail.com,$125k,26
Isaac,Edwards,isaac_edwards@aol.com,$95k,46
Robert,King,robertwking@live.com,$35k,75
Austin,Ramirez,a_s19@yahoo.com,$45k,58
Patrick,Thomas,patrick_james_thomas@yahoo.com,$75k,37
Matthew,Diaz,m.m.diaz27@gmail.com,$145k,24
Audrey,Bennett,a_bennett@gmail.com,$85k,44
Alexis,Bell,aebell@gmail.com,$185k,71
Kaitlyn,Lewis,k_lewis@yahoo.com,$75k,29
Erin,Scott,emscott37@hotmail.com,$75k,30
Michael,Stewart,m.stewart98@outlook.com,$55k,66
Tiffany,Lee,t.lee@yahoo.com,$245k,76
Brittany,Stewart,brittany_stewart@rocketmail.com,$65k,29
Elizabeth,Parker,elizabethlparker@ymail.com,$105k,73
Gabriel,Thomas,g.s.thomas@live.com,$165k,39
Maria,White,maria_white@hotmail.com,$65k,66
Alexandra,Foster,alexandrafoster@gmail.com,$215k,77
Ethan,Rogers,erogers@outlook.com,$95k,26
Emily,Campbell,e.r.campbell@hotmail.com,$45k,42
Anna,Lewis,a_n_lewis@hotmail.com,$145k,54
Audrey,Watson,a_watson@hotmail.com,$215k,59
Alyssa,Bailey,abailey@aol.com,$45k,39
Ashley,Morris,ashley_ann_morris@yahoo.com,$185k,65
Emily,Lewis,emily@ymail.com,$55k,73
Brittany,Sanchez,bsanchez@rocketmail.com,$65k,72
Alexis,Gray,alexis_gray@aol.com,$85k,55
Oliver,Green,oliver@ymail.com,$165k,40
Charlotte,Perry,c.i.perry@ymail.com,$65k,62
Alexander,Price,aprice@gmail.com,$215k,46
Steven,Hall,s_hall@gmail.com,$35k,71
Kayla,Bailey,k_bailey67@rocketmail.com,$35k,60
Adam,Cox,ajcox@live.com,$145k,18
Victoria,Thompson,v_thompson@hotmail.com,$45k,23
Kevin,Davis,kevin_lee_davis21@yahoo.com,$105k,21
Matthew,Lee,mh@rocketmail.com,$125k,18
William,Roberts,william_ray_roberts@aol.com,$75k,20
Charlotte,Young,charlotte_l_young@aol.com,$105k,55
Timothy,Kelly,timothy_kelly@aol.com,$75k,49
Megan,Brown,megan_l_brown@live.com,$55k,50
Benjamin,Morris,b.l.morris29@hotmail.com,$85k,71
Charles,Russell,cr15@rocketmail.com,$245k,21
Alyssa,Wilson,akwilson@outlook.com,$185k,76
Kayla,Carter,k.carter@live.com,$105k,35
Kyle,Taylor,kyle@rocketmail.com,$65k,76
Mateo,King,mateo.king20@ymail.com,$215k,51
Eric,Powell,eric@outlook.com,$95k,42
Jasmine,Bryant,jasmine.bryant@yahoo.com,$185k,63
Aaron,Reed,aaron@hotmail.com,$95k,31
Evelyn,Mitchell,e.mitchell@yahoo.com,$145k,55
Abigail,Powell,abigail_lynn_powell@outlook.com,$215k,29
Jose,Jones,j.jones@rocketmail.com,$285k,59
Brittany,Lopez,brlopez@rocketmail.com,$55k,38
Mateo,Hall,m_hall@aol.com,$85k,36
Jasmine,Bryant,j.e@outlook.com,$215k,60
John,Lopez,johnlopez@outlook.com,$125k,43
Emily,Williams,e_williams@ymail.com,$65k,25
Sophia,Turner,sophia.l@yahoo.com,$105k,45
Kevin,Sanchez,ksanchez@aol.com,$85k,42
Melissa,Martinez,ml@gmail.com,$35k,25
Natalie,Collins,nataliecollins@gmail.com,$55k,40
Nicholas,Ramirez,n.s.ramirez@gmail.com,$165k,61
Ashley,Bailey,a.e.bailey59@aol.com,$35k,42
Steven,Rivera,stevenandrewrivera93@ymail.com,$35k,65
Kaitlyn,Richardson,kaitlynrose23@aol.com,$45k,71
Steven,Foster,sfoster@live.com,$85k,76
Jason,Price,j_a_price@hotmail.com,$125k,40
Lauren,Ward,lauren@rocketmail.com,$65k,63
Sara,Thompson,sathompson@gmail.com,$185k,38
Dylan,Johnson,d.g.johnson@gmail.com,$65k,52
Olivia,Griffin,olivia_jane_griffin@ymail.com,$245k,25
Robert,Bell,r.a.bell27@outlook.com,$125k,62
Natalie,Sanders,nmsanders@live.com,$165k,48
Christina,Adams,christinamadams@outlook.com,$65k,63
Sophia,Hernandez,s.hernandez@rocketmail.com,$55k,47
